question_id,question,gold_answer,predicted_answer,semantic_similarity,retrieval_time_ms,generation_time_ms,sources,error,question_type,company,doc_name,doc_type
0,What is the FY2018 capital expenditure amount (in USD millions) for 3M? Give a response to the question by relying on the details shown in the cash flow statement.,$1577.00,"$1,577",0.7392549351812471,587.888240814209,810.7748031616211,/Users/shawheen/Projects/myRAG/data/test_files/finance-bench-pdfs/3M_2018_10K.pdf; /Users/shawheen/Projects/myRAG/data/test_files/finance-bench-pdfs/3M_2022_10K.pdf; /Users/shawheen/Projects/myRAG/data/test_files/finance-bench-pdfs/3M_2018_10K.pdf; /Users/shawheen/Projects/myRAG/data/test_files/finance-bench-pdfs/3M_2022_10K.pdf; /Users/shawheen/Projects/myRAG/data/test_files/finance-bench-pdfs/3M_2023Q2_10Q.pdf; /Users/shawheen/Projects/myRAG/data/test_files/finance-bench-pdfs/3M_2018_10K.pdf; /Users/shawheen/Projects/myRAG/data/test_files/finance-bench-pdfs/3M_2023Q2_10Q.pdf; /Users/shawheen/Projects/myRAG/data/test_files/finance-bench-pdfs/3M_2023Q2_10Q.pdf; /Users/shawheen/Projects/myRAG/data/test_files/finance-bench-pdfs/3M_2018_10K.pdf; /Users/shawheen/Projects/myRAG/data/test_files/finance-bench-pdfs/3M_2018_10K.pdf; /Users/shawheen/Projects/myRAG/data/test_files/finance-bench-pdfs/3M_2023Q2_10Q.pdf; /Users/shawheen/Projects/myRAG/data/test_files/finance-bench-pdfs/3M_2022_10K.pdf; /Users/shawheen/Projects/myRAG/data/test_files/finance-bench-pdfs/3M_2018_10K.pdf; /Users/shawheen/Projects/myRAG/data/test_files/finance-bench-pdfs/3M_2018_10K.pdf; /Users/shawheen/Projects/myRAG/data/test_files/finance-bench-pdfs/3M_2018_10K.pdf,,metrics-generated,3M,3M_2018_10K,10k
1,Assume that you are a public equities analyst. Answer the following question by primarily using information that is shown in the balance sheet: what is the year end FY2018 net PPNE for 3M? Answer in USD billions.,$8.70,$8.738 billion,0.6380238239067344,257.6000690460205,1076.7569541931152,/Users/shawheen/Projects/myRAG/data/test_files/finance-bench-pdfs/3M_2018_10K.pdf; /Users/shawheen/Projects/myRAG/data/test_files/finance-bench-pdfs/3M_2018_10K.pdf; /Users/shawheen/Projects/myRAG/data/test_files/finance-bench-pdfs/3M_2018_10K.pdf; /Users/shawheen/Projects/myRAG/data/test_files/finance-bench-pdfs/3M_2023Q2_10Q.pdf; /Users/shawheen/Projects/myRAG/data/test_files/finance-bench-pdfs/3M_2018_10K.pdf; /Users/shawheen/Projects/myRAG/data/test_files/finance-bench-pdfs/3M_2023Q2_10Q.pdf; /Users/shawheen/Projects/myRAG/data/test_files/finance-bench-pdfs/3M_2023Q2_10Q.pdf; /Users/shawheen/Projects/myRAG/data/test_files/finance-bench-pdfs/3M_2023Q2_10Q.pdf; /Users/shawheen/Projects/myRAG/data/test_files/finance-bench-pdfs/3M_2018_10K.pdf; /Users/shawheen/Projects/myRAG/data/test_files/finance-bench-pdfs/3M_2018_10K.pdf; /Users/shawheen/Projects/myRAG/data/test_files/finance-bench-pdfs/3M_2022_10K.pdf; /Users/shawheen/Projects/myRAG/data/test_files/finance-bench-pdfs/3M_2018_10K.pdf; /Users/shawheen/Projects/myRAG/data/test_files/finance-bench-pdfs/3M_2018_10K.pdf; /Users/shawheen/Projects/myRAG/data/test_files/finance-bench-pdfs/3M_2018_10K.pdf; /Users/shawheen/Projects/myRAG/data/test_files/finance-bench-pdfs/3M_2018_10K.pdf,,metrics-generated,3M,3M_2018_10K,10k
2,Is 3M a capital-intensive business based on FY2022 data?,"No, the company is managing its CAPEX and Fixed Assets pretty efficiently, which is evident from below key metrics:
CAPEX/Revenue Ratio: 5.1%
Fixed assets/Total Assets: 20%
Return on Assets= 12.4%",The provided context does not contain sufficient information to answer this question.,0.15972645902785465,200.21319389343262,775.3310203552246,/Users/shawheen/Projects/myRAG/data/test_files/finance-bench-pdfs/3M_2023Q2_10Q.pdf; /Users/shawheen/Projects/myRAG/data/test_files/finance-bench-pdfs/3M_2018_10K.pdf; /Users/shawheen/Projects/myRAG/data/test_files/finance-bench-pdfs/3M_2022_10K.pdf; /Users/shawheen/Projects/myRAG/data/test_files/finance-bench-pdfs/3M_2022_10K.pdf; /Users/shawheen/Projects/myRAG/data/test_files/finance-bench-pdfs/3M_2022_10K.pdf; /Users/shawheen/Projects/myRAG/data/test_files/finance-bench-pdfs/3M_2023Q2_10Q.pdf; /Users/shawheen/Projects/myRAG/data/test_files/finance-bench-pdfs/3M_2018_10K.pdf; /Users/shawheen/Projects/myRAG/data/test_files/finance-bench-pdfs/3M_2022_10K.pdf; /Users/shawheen/Projects/myRAG/data/test_files/finance-bench-pdfs/3M_2022_10K.pdf; /Users/shawheen/Projects/myRAG/data/test_files/finance-bench-pdfs/3M_2023Q2_10Q.pdf; /Users/shawheen/Projects/myRAG/data/test_files/finance-bench-pdfs/3M_2022_10K.pdf; /Users/shawheen/Projects/myRAG/data/test_files/finance-bench-pdfs/3M_2022_10K.pdf; /Users/shawheen/Projects/myRAG/data/test_files/finance-bench-pdfs/3M_2022_10K.pdf; /Users/shawheen/Projects/myRAG/data/test_files/finance-bench-pdfs/3M_2018_10K.pdf; /Users/shawheen/Projects/myRAG/data/test_files/finance-bench-pdfs/3M_2018_10K.pdf,,domain-relevant,3M,3M_2022_10K,10k
3,"What drove operating margin change as of FY2022 for 3M? If operating margin is not a useful metric for a company like this, then please state that and explain why.","Operating Margin for 3M in FY2022 has decreased by 1.7% primarily due to: 
-Decrease in gross Margin
-mostly one-off charges including Combat Arms Earplugs litigation, impairment related to exiting PFAS manufacturing, costs related to exiting Russia and divestiture-related restructuring
charges",The provided context does not contain sufficient information to answer this question.,0.13425383288647305,246.0930347442627,784.7440242767334,/Users/shawheen/Projects/myRAG/data/test_files/finance-bench-pdfs/3M_2018_10K.pdf; /Users/shawheen/Projects/myRAG/data/test_files/finance-bench-pdfs/3M_2023Q2_10Q.pdf; /Users/shawheen/Projects/myRAG/data/test_files/finance-bench-pdfs/3M_2022_10K.pdf; /Users/shawheen/Projects/myRAG/data/test_files/finance-bench-pdfs/3M_2018_10K.pdf; /Users/shawheen/Projects/myRAG/data/test_files/finance-bench-pdfs/3M_2023Q2_10Q.pdf; /Users/shawheen/Projects/myRAG/data/test_files/finance-bench-pdfs/3M_2023Q2_10Q.pdf; /Users/shawheen/Projects/myRAG/data/test_files/finance-bench-pdfs/3M_2018_10K.pdf; /Users/shawheen/Projects/myRAG/data/test_files/finance-bench-pdfs/3M_2022_10K.pdf; /Users/shawheen/Projects/myRAG/data/test_files/finance-bench-pdfs/3M_2022_10K.pdf; /Users/shawheen/Projects/myRAG/data/test_files/finance-bench-pdfs/3M_2022_10K.pdf; /Users/shawheen/Projects/myRAG/data/test_files/finance-bench-pdfs/3M_2023Q2_10Q.pdf; /Users/shawheen/Projects/myRAG/data/test_files/finance-bench-pdfs/3M_2018_10K.pdf; /Users/shawheen/Projects/myRAG/data/test_files/finance-bench-pdfs/3M_2023Q2_10Q.pdf; /Users/shawheen/Projects/myRAG/data/test_files/finance-bench-pdfs/3M_2022_10K.pdf; /Users/shawheen/Projects/myRAG/data/test_files/finance-bench-pdfs/3M_2022_10K.pdf,,domain-relevant,3M,3M_2022_10K,10k
4,"If we exclude the impact of M&A, which segment has dragged down 3M's overall growth in 2022?",The consumer segment shrunk by 0.9% organically.,The provided context does not contain sufficient information to answer this question.,0.1021927311741456,181.81490898132324,825.0551223754883,/Users/shawheen/Projects/myRAG/data/test_files/finance-bench-pdfs/3M_2022_10K.pdf; /Users/shawheen/Projects/myRAG/data/test_files/finance-bench-pdfs/3M_2018_10K.pdf; /Users/shawheen/Projects/myRAG/data/test_files/finance-bench-pdfs/3M_2023Q2_10Q.pdf; /Users/shawheen/Projects/myRAG/data/test_files/finance-bench-pdfs/3M_2023Q2_10Q.pdf; /Users/shawheen/Projects/myRAG/data/test_files/finance-bench-pdfs/3M_2018_10K.pdf; /Users/shawheen/Projects/myRAG/data/test_files/finance-bench-pdfs/3M_2022_10K.pdf; /Users/shawheen/Projects/myRAG/data/test_files/finance-bench-pdfs/3M_2023Q2_10Q.pdf; /Users/shawheen/Projects/myRAG/data/test_files/finance-bench-pdfs/3M_2023Q2_10Q.pdf; /Users/shawheen/Projects/myRAG/data/test_files/finance-bench-pdfs/3M_2023Q2_10Q.pdf; /Users/shawheen/Projects/myRAG/data/test_files/finance-bench-pdfs/3M_2018_10K.pdf; /Users/shawheen/Projects/myRAG/data/test_files/finance-bench-pdfs/3M_2018_10K.pdf; /Users/shawheen/Projects/myRAG/data/test_files/finance-bench-pdfs/3M_2023Q2_10Q.pdf; /Users/shawheen/Projects/myRAG/data/test_files/finance-bench-pdfs/3M_2023Q2_10Q.pdf; /Users/shawheen/Projects/myRAG/data/test_files/finance-bench-pdfs/3M_2022_10K.pdf; /Users/shawheen/Projects/myRAG/data/test_files/finance-bench-pdfs/3M_2018_10K.pdf,,novel-generated,3M,3M_2022_10K,10k
5,"Does 3M have a reasonably healthy liquidity profile based on its quick ratio for Q2 of FY2023? If the quick ratio is not relevant to measure liquidity, please state that and explain why.","No. The quick ratio for 3M was 0.96 by Jun'23 close, which needs a bit of an improvement to touch the 1x mark","The provided context does not contain sufficient information to answer this question.

The context does not provide the information necessary to calculate the quick ratio for Q2 of FY2023, which is typically calculated as (Current Assets - Inventory) / Current Liabilities.",0.5666415387759111,198.22001457214355,878.8268566131592,/Users/shawheen/Projects/myRAG/data/test_files/finance-bench-pdfs/3M_2023Q2_10Q.pdf; /Users/shawheen/Projects/myRAG/data/test_files/finance-bench-pdfs/3M_2022_10K.pdf; /Users/shawheen/Projects/myRAG/data/test_files/finance-bench-pdfs/3M_2023Q2_10Q.pdf; /Users/shawheen/Projects/myRAG/data/test_files/finance-bench-pdfs/3M_2023Q2_10Q.pdf; /Users/shawheen/Projects/myRAG/data/test_files/finance-bench-pdfs/3M_2018_10K.pdf; /Users/shawheen/Projects/myRAG/data/test_files/finance-bench-pdfs/3M_2018_10K.pdf; /Users/shawheen/Projects/myRAG/data/test_files/finance-bench-pdfs/3M_2018_10K.pdf; /Users/shawheen/Projects/myRAG/data/test_files/finance-bench-pdfs/3M_2018_10K.pdf; /Users/shawheen/Projects/myRAG/data/test_files/finance-bench-pdfs/3M_2023Q2_10Q.pdf; /Users/shawheen/Projects/myRAG/data/test_files/finance-bench-pdfs/COCACOLA_2022_10K.pdf; /Users/shawheen/Projects/myRAG/data/test_files/finance-bench-pdfs/3M_2023Q2_10Q.pdf; /Users/shawheen/Projects/myRAG/data/test_files/finance-bench-pdfs/3M_2023Q2_10Q.pdf; /Users/shawheen/Projects/myRAG/data/test_files/finance-bench-pdfs/3M_2022_10K.pdf; /Users/shawheen/Projects/myRAG/data/test_files/finance-bench-pdfs/ACTIVISIONBLIZZARD_2019_10K.pdf; /Users/shawheen/Projects/myRAG/data/test_files/finance-bench-pdfs/3M_2023Q2_10Q.pdf,,domain-relevant,3M,3M_2023Q2_10Q,10q
6,Which debt securities are registered to trade on a national securities exchange under 3M's name as of Q2 of 2023?,"Following debt securities registered under 3M's name are listed to trade on the New York Stock Exchange:
-1.500% Notes due 2026 (Trading Symbol: MMM26)
-1.750% Notes due 2030 (Trading Symbol: MMM30)
-1.500% Notes due 2031 (Trading Symbol: MMM31)",The provided context does not contain sufficient information to answer this question.,0.07497451737630569,217.92912483215332,754.702091217041,/Users/shawheen/Projects/myRAG/data/test_files/finance-bench-pdfs/3M_2023Q2_10Q.pdf; /Users/shawheen/Projects/myRAG/data/test_files/finance-bench-pdfs/3M_2023Q2_10Q.pdf; /Users/shawheen/Projects/myRAG/data/test_files/finance-bench-pdfs/3M_2018_10K.pdf; /Users/shawheen/Projects/myRAG/data/test_files/finance-bench-pdfs/3M_2022_10K.pdf; /Users/shawheen/Projects/myRAG/data/test_files/finance-bench-pdfs/3M_2018_10K.pdf; /Users/shawheen/Projects/myRAG/data/test_files/finance-bench-pdfs/3M_2023Q2_10Q.pdf; /Users/shawheen/Projects/myRAG/data/test_files/finance-bench-pdfs/3M_2018_10K.pdf; /Users/shawheen/Projects/myRAG/data/test_files/finance-bench-pdfs/3M_2023Q2_10Q.pdf; /Users/shawheen/Projects/myRAG/data/test_files/finance-bench-pdfs/3M_2022_10K.pdf; /Users/shawheen/Projects/myRAG/data/test_files/finance-bench-pdfs/3M_2018_10K.pdf; /Users/shawheen/Projects/myRAG/data/test_files/finance-bench-pdfs/3M_2018_10K.pdf; /Users/shawheen/Projects/myRAG/data/test_files/finance-bench-pdfs/3M_2022_10K.pdf; /Users/shawheen/Projects/myRAG/data/test_files/finance-bench-pdfs/3M_2018_10K.pdf; /Users/shawheen/Projects/myRAG/data/test_files/finance-bench-pdfs/3M_2023Q2_10Q.pdf; /Users/shawheen/Projects/myRAG/data/test_files/finance-bench-pdfs/3M_2022_10K.pdf,,domain-relevant,3M,3M_2023Q2_10Q,10q
7,Does 3M maintain a stable trend of dividend distribution?,"Yes, not only they distribute the dividends on a routine basis, 3M has also been increasing the per share dividend for consecutive 65 years","Yes, 3M maintains a stable trend of dividend distribution. The company has paid dividends since 1916 and has increased its dividend for 65 consecutive years, with the most recent increase being a 1% increase in February 2023.",0.7922153581735917,243.8368797302246,922.797679901123,/Users/shawheen/Projects/myRAG/data/test_files/finance-bench-pdfs/3M_2018_10K.pdf; /Users/shawheen/Projects/myRAG/data/test_files/finance-bench-pdfs/3M_2023Q2_10Q.pdf; /Users/shawheen/Projects/myRAG/data/test_files/finance-bench-pdfs/3M_2022_10K.pdf; /Users/shawheen/Projects/myRAG/data/test_files/finance-bench-pdfs/3M_2023Q2_10Q.pdf; /Users/shawheen/Projects/myRAG/data/test_files/finance-bench-pdfs/3M_2022_10K.pdf; /Users/shawheen/Projects/myRAG/data/test_files/finance-bench-pdfs/3M_2023Q2_10Q.pdf; /Users/shawheen/Projects/myRAG/data/test_files/finance-bench-pdfs/3M_2022_10K.pdf; /Users/shawheen/Projects/myRAG/data/test_files/finance-bench-pdfs/3M_2018_10K.pdf; /Users/shawheen/Projects/myRAG/data/test_files/finance-bench-pdfs/3M_2018_10K.pdf; /Users/shawheen/Projects/myRAG/data/test_files/finance-bench-pdfs/3M_2022_10K.pdf; /Users/shawheen/Projects/myRAG/data/test_files/finance-bench-pdfs/3M_2018_10K.pdf; /Users/shawheen/Projects/myRAG/data/test_files/finance-bench-pdfs/3M_2022_10K.pdf; /Users/shawheen/Projects/myRAG/data/test_files/finance-bench-pdfs/3M_2023Q2_10Q.pdf; /Users/shawheen/Projects/myRAG/data/test_files/finance-bench-pdfs/3M_2022_10K.pdf; /Users/shawheen/Projects/myRAG/data/test_files/finance-bench-pdfs/3M_2018_10K.pdf,,novel-generated,3M,3M_2023Q2_10Q,10q
8,What is the FY2019 fixed asset turnover ratio for Activision Blizzard? Fixed asset turnover ratio is defined as: FY2019 revenue / (average PP&E between FY2018 and FY2019). Round your answer to two decimal places. Base your judgments on the information provided primarily in the statement of income and the statement of financial position.,24.26,The provided context does not contain sufficient information to answer this question.,0.25724715124639563,358.1709861755371,1078.0868530273438,/Users/shawheen/Projects/myRAG/data/test_files/finance-bench-pdfs/ACTIVISIONBLIZZARD_2019_10K.pdf; /Users/shawheen/Projects/myRAG/data/test_files/finance-bench-pdfs/ACTIVISIONBLIZZARD_2019_10K.pdf; /Users/shawheen/Projects/myRAG/data/test_files/finance-bench-pdfs/ACTIVISIONBLIZZARD_2019_10K.pdf; /Users/shawheen/Projects/myRAG/data/test_files/finance-bench-pdfs/ACTIVISIONBLIZZARD_2019_10K.pdf; /Users/shawheen/Projects/myRAG/data/test_files/finance-bench-pdfs/ACTIVISIONBLIZZARD_2019_10K.pdf; /Users/shawheen/Projects/myRAG/data/test_files/finance-bench-pdfs/ACTIVISIONBLIZZARD_2019_10K.pdf; /Users/shawheen/Projects/myRAG/data/test_files/finance-bench-pdfs/ACTIVISIONBLIZZARD_2019_10K.pdf; /Users/shawheen/Projects/myRAG/data/test_files/finance-bench-pdfs/ACTIVISIONBLIZZARD_2019_10K.pdf; /Users/shawheen/Projects/myRAG/data/test_files/finance-bench-pdfs/ACTIVISIONBLIZZARD_2019_10K.pdf; /Users/shawheen/Projects/myRAG/data/test_files/finance-bench-pdfs/ACTIVISIONBLIZZARD_2019_10K.pdf; /Users/shawheen/Projects/myRAG/data/test_files/finance-bench-pdfs/ACTIVISIONBLIZZARD_2019_10K.pdf; /Users/shawheen/Projects/myRAG/data/test_files/finance-bench-pdfs/ACTIVISIONBLIZZARD_2019_10K.pdf; /Users/shawheen/Projects/myRAG/data/test_files/finance-bench-pdfs/ACTIVISIONBLIZZARD_2019_10K.pdf; /Users/shawheen/Projects/myRAG/data/test_files/finance-bench-pdfs/ACTIVISIONBLIZZARD_2019_10K.pdf; /Users/shawheen/Projects/myRAG/data/test_files/finance-bench-pdfs/ACTIVISIONBLIZZARD_2019_10K.pdf,,metrics-generated,Activision Blizzard,ACTIVISIONBLIZZARD_2019_10K,10k
9,What is the FY2017 - FY2019 3 year average of capex as a % of revenue for Activision Blizzard? Answer in units of percents and round to one decimal place. Calculate (or extract) the answer from the statement of income and the cash flow statement.,1.9%,The provided context does not contain sufficient information to answer this question.,0.13653291574448087,185.46795845031738,801.511287689209,/Users/shawheen/Projects/myRAG/data/test_files/finance-bench-pdfs/MICROSOFT_2023_10K.pdf; /Users/shawheen/Projects/myRAG/data/test_files/finance-bench-pdfs/ACTIVISIONBLIZZARD_2019_10K.pdf; /Users/shawheen/Projects/myRAG/data/test_files/finance-bench-pdfs/ACTIVISIONBLIZZARD_2019_10K.pdf; /Users/shawheen/Projects/myRAG/data/test_files/finance-bench-pdfs/ACTIVISIONBLIZZARD_2019_10K.pdf; /Users/shawheen/Projects/myRAG/data/test_files/finance-bench-pdfs/ACTIVISIONBLIZZARD_2019_10K.pdf; /Users/shawheen/Projects/myRAG/data/test_files/finance-bench-pdfs/ACTIVISIONBLIZZARD_2019_10K.pdf; /Users/shawheen/Projects/myRAG/data/test_files/finance-bench-pdfs/ACTIVISIONBLIZZARD_2019_10K.pdf; /Users/shawheen/Projects/myRAG/data/test_files/finance-bench-pdfs/ACTIVISIONBLIZZARD_2019_10K.pdf; /Users/shawheen/Projects/myRAG/data/test_files/finance-bench-pdfs/ACTIVISIONBLIZZARD_2019_10K.pdf; /Users/shawheen/Projects/myRAG/data/test_files/finance-bench-pdfs/ACTIVISIONBLIZZARD_2019_10K.pdf; /Users/shawheen/Projects/myRAG/data/test_files/finance-bench-pdfs/ACTIVISIONBLIZZARD_2019_10K.pdf; /Users/shawheen/Projects/myRAG/data/test_files/finance-bench-pdfs/ACTIVISIONBLIZZARD_2019_10K.pdf; /Users/shawheen/Projects/myRAG/data/test_files/finance-bench-pdfs/ACTIVISIONBLIZZARD_2019_10K.pdf; /Users/shawheen/Projects/myRAG/data/test_files/finance-bench-pdfs/ACTIVISIONBLIZZARD_2019_10K.pdf; /Users/shawheen/Projects/myRAG/data/test_files/finance-bench-pdfs/ACTIVISIONBLIZZARD_2019_10K.pdf,,metrics-generated,Activision Blizzard,ACTIVISIONBLIZZARD_2019_10K,10k
10,You are an investment banker and your only resource(s) to answer the following question is (are): the statement of financial position and the cash flow statement. Here's the question: what is the FY2015 operating cash flow ratio for Adobe? Operating cash flow ratio is defined as: cash from operations / total current liabilities. Round your answer to two decimal places.,0.66,The provided context does not contain sufficient information to answer this question.,0.2065700708550047,198.37498664855957,615.772008895874,/Users/shawheen/Projects/myRAG/data/test_files/finance-bench-pdfs/ADOBE_2015_10K.pdf; /Users/shawheen/Projects/myRAG/data/test_files/finance-bench-pdfs/ADOBE_2016_10K.pdf; /Users/shawheen/Projects/myRAG/data/test_files/finance-bench-pdfs/ADOBE_2015_10K.pdf; /Users/shawheen/Projects/myRAG/data/test_files/finance-bench-pdfs/AMAZON_2017_10K.pdf; /Users/shawheen/Projects/myRAG/data/test_files/finance-bench-pdfs/ADOBE_2017_10K.pdf; /Users/shawheen/Projects/myRAG/data/test_files/finance-bench-pdfs/ADOBE_2017_10K.pdf; /Users/shawheen/Projects/myRAG/data/test_files/finance-bench-pdfs/ADOBE_2016_10K.pdf; /Users/shawheen/Projects/myRAG/data/test_files/finance-bench-pdfs/ADOBE_2016_10K.pdf; /Users/shawheen/Projects/myRAG/data/test_files/finance-bench-pdfs/ADOBE_2015_10K.pdf; /Users/shawheen/Projects/myRAG/data/test_files/finance-bench-pdfs/AMAZON_2019_10K.pdf; /Users/shawheen/Projects/myRAG/data/test_files/finance-bench-pdfs/ADOBE_2017_10K.pdf; /Users/shawheen/Projects/myRAG/data/test_files/finance-bench-pdfs/ADOBE_2015_10K.pdf; /Users/shawheen/Projects/myRAG/data/test_files/finance-bench-pdfs/ADOBE_2015_10K.pdf; /Users/shawheen/Projects/myRAG/data/test_files/finance-bench-pdfs/ADOBE_2022_10K.pdf; /Users/shawheen/Projects/myRAG/data/test_files/finance-bench-pdfs/AMAZON_2022_10K.pdf,,metrics-generated,Adobe,ADOBE_2015_10K,10k
11,What is Adobe's year-over-year change in unadjusted operating income from FY2015 to FY2016 (in units of percents and round to one decimal place)? Give a solution to the question by using the income statement.,65.4%,The provided context does not contain sufficient information to answer this question.,0.1855631005320569,237.78200149536133,673.0167865753174,/Users/shawheen/Projects/myRAG/data/test_files/finance-bench-pdfs/ADOBE_2016_10K.pdf; /Users/shawheen/Projects/myRAG/data/test_files/finance-bench-pdfs/ADOBE_2016_10K.pdf; /Users/shawheen/Projects/myRAG/data/test_files/finance-bench-pdfs/ADOBE_2017_10K.pdf; /Users/shawheen/Projects/myRAG/data/test_files/finance-bench-pdfs/ADOBE_2017_10K.pdf; /Users/shawheen/Projects/myRAG/data/test_files/finance-bench-pdfs/ADOBE_2016_10K.pdf; /Users/shawheen/Projects/myRAG/data/test_files/finance-bench-pdfs/ADOBE_2016_10K.pdf; /Users/shawheen/Projects/myRAG/data/test_files/finance-bench-pdfs/ADOBE_2015_10K.pdf; /Users/shawheen/Projects/myRAG/data/test_files/finance-bench-pdfs/ADOBE_2015_10K.pdf; /Users/shawheen/Projects/myRAG/data/test_files/finance-bench-pdfs/ADOBE_2016_10K.pdf; /Users/shawheen/Projects/myRAG/data/test_files/finance-bench-pdfs/ADOBE_2016_10K.pdf; /Users/shawheen/Projects/myRAG/data/test_files/finance-bench-pdfs/ADOBE_2022_10K.pdf; /Users/shawheen/Projects/myRAG/data/test_files/finance-bench-pdfs/ADOBE_2015_10K.pdf; /Users/shawheen/Projects/myRAG/data/test_files/finance-bench-pdfs/ADOBE_2017_10K.pdf; /Users/shawheen/Projects/myRAG/data/test_files/finance-bench-pdfs/ADOBE_2016_10K.pdf; /Users/shawheen/Projects/myRAG/data/test_files/finance-bench-pdfs/ADOBE_2015_10K.pdf,,metrics-generated,Adobe,ADOBE_2016_10K,10k
12,What is the FY2017 operating cash flow ratio for Adobe? Operating cash flow ratio is defined as: cash from operations / total current liabilities. Round your answer to two decimal places. Please utilize information provided primarily within the balance sheet and the cash flow statement.,0.83,The provided context does not contain sufficient information to answer this question.,0.17304261881915375,211.00902557373047,683.8090419769287,/Users/shawheen/Projects/myRAG/data/test_files/finance-bench-pdfs/ADOBE_2017_10K.pdf; /Users/shawheen/Projects/myRAG/data/test_files/finance-bench-pdfs/ADOBE_2015_10K.pdf; /Users/shawheen/Projects/myRAG/data/test_files/finance-bench-pdfs/ADOBE_2016_10K.pdf; /Users/shawheen/Projects/myRAG/data/test_files/finance-bench-pdfs/ADOBE_2016_10K.pdf; /Users/shawheen/Projects/myRAG/data/test_files/finance-bench-pdfs/AMAZON_2017_10K.pdf; /Users/shawheen/Projects/myRAG/data/test_files/finance-bench-pdfs/ADOBE_2017_10K.pdf; /Users/shawheen/Projects/myRAG/data/test_files/finance-bench-pdfs/ADOBE_2017_10K.pdf; /Users/shawheen/Projects/myRAG/data/test_files/finance-bench-pdfs/ADOBE_2017_10K.pdf; /Users/shawheen/Projects/myRAG/data/test_files/finance-bench-pdfs/ADOBE_2015_10K.pdf; /Users/shawheen/Projects/myRAG/data/test_files/finance-bench-pdfs/AMAZON_2019_10K.pdf; /Users/shawheen/Projects/myRAG/data/test_files/finance-bench-pdfs/ADOBE_2015_10K.pdf; /Users/shawheen/Projects/myRAG/data/test_files/finance-bench-pdfs/ADOBE_2022_10K.pdf; /Users/shawheen/Projects/myRAG/data/test_files/finance-bench-pdfs/ADOBE_2016_10K.pdf; /Users/shawheen/Projects/myRAG/data/test_files/finance-bench-pdfs/ADOBE_2017_10K.pdf; /Users/shawheen/Projects/myRAG/data/test_files/finance-bench-pdfs/ADOBE_2022_10K.pdf,,metrics-generated,Adobe,ADOBE_2017_10K,10k
13,"Does Adobe have an improving operating margin profile as of FY2022? If operating margin is not a useful metric for a company like this, then state that and explain why.",No the operating margins of Adobe have recently declined from 36.8% in FY 2021 to 34.6% in FY2022. A drop by 2.2% in a year.,The provided context does not contain sufficient information to answer this question.,0.11012624105769488,206.72106742858887,734.6451282501221,/Users/shawheen/Projects/myRAG/data/test_files/finance-bench-pdfs/ADOBE_2016_10K.pdf; /Users/shawheen/Projects/myRAG/data/test_files/finance-bench-pdfs/ADOBE_2017_10K.pdf; /Users/shawheen/Projects/myRAG/data/test_files/finance-bench-pdfs/ADOBE_2015_10K.pdf; /Users/shawheen/Projects/myRAG/data/test_files/finance-bench-pdfs/ADOBE_2022_10K.pdf; /Users/shawheen/Projects/myRAG/data/test_files/finance-bench-pdfs/ADOBE_2022_10K.pdf; /Users/shawheen/Projects/myRAG/data/test_files/finance-bench-pdfs/ADOBE_2022_10K.pdf; /Users/shawheen/Projects/myRAG/data/test_files/finance-bench-pdfs/ADOBE_2016_10K.pdf; /Users/shawheen/Projects/myRAG/data/test_files/finance-bench-pdfs/ADOBE_2015_10K.pdf; /Users/shawheen/Projects/myRAG/data/test_files/finance-bench-pdfs/ADOBE_2016_10K.pdf; /Users/shawheen/Projects/myRAG/data/test_files/finance-bench-pdfs/ADOBE_2017_10K.pdf; /Users/shawheen/Projects/myRAG/data/test_files/finance-bench-pdfs/ADOBE_2015_10K.pdf; /Users/shawheen/Projects/myRAG/data/test_files/finance-bench-pdfs/ADOBE_2016_10K.pdf; /Users/shawheen/Projects/myRAG/data/test_files/finance-bench-pdfs/ADOBE_2017_10K.pdf; /Users/shawheen/Projects/myRAG/data/test_files/finance-bench-pdfs/ADOBE_2022_10K.pdf; /Users/shawheen/Projects/myRAG/data/test_files/finance-bench-pdfs/ADOBE_2022_10K.pdf,,domain-relevant,Adobe,ADOBE_2022_10K,10k
14,Does Adobe have an improving Free cashflow conversion as of FY2022?,"Yes, the FCF conversion (using net income as the denominator) for Adobe has improved by ~13% from 143% in 2021 to 156% in 2022",The provided context does not contain sufficient information to answer this question.,0.13892618392312758,227.6320457458496,1097.235918045044,/Users/shawheen/Projects/myRAG/data/test_files/finance-bench-pdfs/ADOBE_2016_10K.pdf; /Users/shawheen/Projects/myRAG/data/test_files/finance-bench-pdfs/ADOBE_2022_10K.pdf; /Users/shawheen/Projects/myRAG/data/test_files/finance-bench-pdfs/ADOBE_2016_10K.pdf; /Users/shawheen/Projects/myRAG/data/test_files/finance-bench-pdfs/ADOBE_2015_10K.pdf; /Users/shawheen/Projects/myRAG/data/test_files/finance-bench-pdfs/ADOBE_2015_10K.pdf; /Users/shawheen/Projects/myRAG/data/test_files/finance-bench-pdfs/ADOBE_2017_10K.pdf; /Users/shawheen/Projects/myRAG/data/test_files/finance-bench-pdfs/ADOBE_2022_10K.pdf; /Users/shawheen/Projects/myRAG/data/test_files/finance-bench-pdfs/ADOBE_2017_10K.pdf; /Users/shawheen/Projects/myRAG/data/test_files/finance-bench-pdfs/ADOBE_2016_10K.pdf; /Users/shawheen/Projects/myRAG/data/test_files/finance-bench-pdfs/ADOBE_2016_10K.pdf; /Users/shawheen/Projects/myRAG/data/test_files/finance-bench-pdfs/ADOBE_2016_10K.pdf; /Users/shawheen/Projects/myRAG/data/test_files/finance-bench-pdfs/ADOBE_2022_10K.pdf; /Users/shawheen/Projects/myRAG/data/test_files/finance-bench-pdfs/ADOBE_2015_10K.pdf; /Users/shawheen/Projects/myRAG/data/test_files/finance-bench-pdfs/ADOBE_2017_10K.pdf; /Users/shawheen/Projects/myRAG/data/test_files/finance-bench-pdfs/ADOBE_2016_10K.pdf,,novel-generated,Adobe,ADOBE_2022_10K,10k
15,What is Amazon's FY2017 days payable outstanding (DPO)? DPO is defined as: 365 * (average accounts payable between FY2016 and FY2017) / (FY2017 COGS + change in inventory between FY2016 and FY2017). Round your answer to two decimal places. Address the question by using the line items and information shown within the balance sheet and the P&L statement.,93.86,The provided context does not contain sufficient information to answer this question.,0.197501161749105,614.3360137939453,957.9839706420898,/Users/shawheen/Projects/myRAG/data/test_files/finance-bench-pdfs/AMAZON_2017_10K.pdf; /Users/shawheen/Projects/myRAG/data/test_files/finance-bench-pdfs/AMAZON_2019_10K.pdf; /Users/shawheen/Projects/myRAG/data/test_files/finance-bench-pdfs/AMAZON_2019_10K.pdf; /Users/shawheen/Projects/myRAG/data/test_files/finance-bench-pdfs/ADOBE_2017_10K.pdf; /Users/shawheen/Projects/myRAG/data/test_files/finance-bench-pdfs/AMAZON_2017_10K.pdf; /Users/shawheen/Projects/myRAG/data/test_files/finance-bench-pdfs/ADOBE_2015_10K.pdf; /Users/shawheen/Projects/myRAG/data/test_files/finance-bench-pdfs/AMAZON_2022_10K.pdf; /Users/shawheen/Projects/myRAG/data/test_files/finance-bench-pdfs/ADOBE_2016_10K.pdf; /Users/shawheen/Projects/myRAG/data/test_files/finance-bench-pdfs/ADOBE_2017_10K.pdf; /Users/shawheen/Projects/myRAG/data/test_files/finance-bench-pdfs/BLOCK_2016_10K.pdf; /Users/shawheen/Projects/myRAG/data/test_files/finance-bench-pdfs/ADOBE_2016_10K.pdf; /Users/shawheen/Projects/myRAG/data/test_files/finance-bench-pdfs/AMAZON_2017_10K.pdf; /Users/shawheen/Projects/myRAG/data/test_files/finance-bench-pdfs/AMAZON_2017_10K.pdf; /Users/shawheen/Projects/myRAG/data/test_files/finance-bench-pdfs/AMAZON_2019_10K.pdf; /Users/shawheen/Projects/myRAG/data/test_files/finance-bench-pdfs/AMAZON_2022_10K.pdf,,metrics-generated,Amazon,AMAZON_2017_10K,10k
16,What is Amazon's year-over-year change in revenue from FY2016 to FY2017 (in units of percents and round to one decimal place)? Calculate what was asked by utilizing the line items clearly shown in the statement of income.,30.8%,"To calculate the year-over-year change in revenue from FY2016 to FY2017, we need to use the following line items from the statement of income:

Year Ended December 31,
2016: Total net sales = $135,987
2017: Total net sales = $177,866

Year-over-year change in revenue = ((177,866 - 135,987) / 135,987) * 100
Year-over-year change in revenue = (31.88%)

So, the year-over-year change in revenue from FY2016 to FY2017 is 31.9%.",0.31698380022971606,369.3959712982178,1527.801275253296,/Users/shawheen/Projects/myRAG/data/test_files/finance-bench-pdfs/AMAZON_2017_10K.pdf; /Users/shawheen/Projects/myRAG/data/test_files/finance-bench-pdfs/AMAZON_2017_10K.pdf; /Users/shawheen/Projects/myRAG/data/test_files/finance-bench-pdfs/AMAZON_2017_10K.pdf; /Users/shawheen/Projects/myRAG/data/test_files/finance-bench-pdfs/AMAZON_2017_10K.pdf; /Users/shawheen/Projects/myRAG/data/test_files/finance-bench-pdfs/AMAZON_2019_10K.pdf; /Users/shawheen/Projects/myRAG/data/test_files/finance-bench-pdfs/AMAZON_2017_10K.pdf; /Users/shawheen/Projects/myRAG/data/test_files/finance-bench-pdfs/AMAZON_2019_10K.pdf; /Users/shawheen/Projects/myRAG/data/test_files/finance-bench-pdfs/AMAZON_2019_10K.pdf; /Users/shawheen/Projects/myRAG/data/test_files/finance-bench-pdfs/AMAZON_2019_10K.pdf; /Users/shawheen/Projects/myRAG/data/test_files/finance-bench-pdfs/AMAZON_2017_10K.pdf; /Users/shawheen/Projects/myRAG/data/test_files/finance-bench-pdfs/AMAZON_2019_10K.pdf; /Users/shawheen/Projects/myRAG/data/test_files/finance-bench-pdfs/ADOBE_2017_10K.pdf; /Users/shawheen/Projects/myRAG/data/test_files/finance-bench-pdfs/AMAZON_2022_10K.pdf; /Users/shawheen/Projects/myRAG/data/test_files/finance-bench-pdfs/AMAZON_2019_10K.pdf; /Users/shawheen/Projects/myRAG/data/test_files/finance-bench-pdfs/AMAZON_2022_10K.pdf,,metrics-generated,Amazon,AMAZON_2017_10K,10k
17,"By drawing conclusions from the information stated only in the income statement, what is Amazon's FY2019 net income attributable to shareholders (in USD millions)?",$11588.00,"11,588",0.4779216561384809,414.07203674316406,1359.1690063476562,/Users/shawheen/Projects/myRAG/data/test_files/finance-bench-pdfs/AMAZON_2019_10K.pdf; /Users/shawheen/Projects/myRAG/data/test_files/finance-bench-pdfs/AMAZON_2019_10K.pdf; /Users/shawheen/Projects/myRAG/data/test_files/finance-bench-pdfs/AMAZON_2017_10K.pdf; /Users/shawheen/Projects/myRAG/data/test_files/finance-bench-pdfs/AMAZON_2017_10K.pdf; /Users/shawheen/Projects/myRAG/data/test_files/finance-bench-pdfs/AMAZON_2017_10K.pdf; /Users/shawheen/Projects/myRAG/data/test_files/finance-bench-pdfs/AMAZON_2022_10K.pdf; /Users/shawheen/Projects/myRAG/data/test_files/finance-bench-pdfs/AMAZON_2019_10K.pdf; /Users/shawheen/Projects/myRAG/data/test_files/finance-bench-pdfs/AMAZON_2019_10K.pdf; /Users/shawheen/Projects/myRAG/data/test_files/finance-bench-pdfs/AMAZON_2019_10K.pdf; /Users/shawheen/Projects/myRAG/data/test_files/finance-bench-pdfs/AMAZON_2022_10K.pdf; /Users/shawheen/Projects/myRAG/data/test_files/finance-bench-pdfs/AMAZON_2022_10K.pdf; /Users/shawheen/Projects/myRAG/data/test_files/finance-bench-pdfs/AMAZON_2019_10K.pdf; /Users/shawheen/Projects/myRAG/data/test_files/finance-bench-pdfs/AMAZON_2017_10K.pdf; /Users/shawheen/Projects/myRAG/data/test_files/finance-bench-pdfs/AMAZON_2019_10K.pdf; /Users/shawheen/Projects/myRAG/data/test_files/finance-bench-pdfs/AMAZON_2017_10K.pdf,,metrics-generated,Amazon,AMAZON_2019_10K,10k
18,"Considering the data in the balance sheet, what is Block's (formerly known as Square) FY2016 working capital ratio? Define working capital ratio as total current assets divided by total current liabilities. Round your answer to two decimal places.",1.73,The provided context does not contain sufficient information to answer this question.,0.1800127401805891,334.44976806640625,890.3720378875732,/Users/shawheen/Projects/myRAG/data/test_files/finance-bench-pdfs/3M_2018_10K.pdf; /Users/shawheen/Projects/myRAG/data/test_files/finance-bench-pdfs/BLOCK_2020_10K.pdf; /Users/shawheen/Projects/myRAG/data/test_files/finance-bench-pdfs/3M_2022_10K.pdf; /Users/shawheen/Projects/myRAG/data/test_files/finance-bench-pdfs/3M_2023Q2_10Q.pdf; /Users/shawheen/Projects/myRAG/data/test_files/finance-bench-pdfs/BLOCK_2020_10K.pdf; /Users/shawheen/Projects/myRAG/data/test_files/finance-bench-pdfs/BLOCK_2016_10K.pdf; /Users/shawheen/Projects/myRAG/data/test_files/finance-bench-pdfs/BLOCK_2016_10K.pdf; /Users/shawheen/Projects/myRAG/data/test_files/finance-bench-pdfs/ADOBE_2015_10K.pdf; /Users/shawheen/Projects/myRAG/data/test_files/finance-bench-pdfs/BLOCK_2020_10K.pdf; /Users/shawheen/Projects/myRAG/data/test_files/finance-bench-pdfs/ADOBE_2017_10K.pdf; /Users/shawheen/Projects/myRAG/data/test_files/finance-bench-pdfs/ADOBE_2017_10K.pdf; /Users/shawheen/Projects/myRAG/data/test_files/finance-bench-pdfs/ADOBE_2022_10K.pdf; /Users/shawheen/Projects/myRAG/data/test_files/finance-bench-pdfs/AMAZON_2022_10K.pdf; /Users/shawheen/Projects/myRAG/data/test_files/finance-bench-pdfs/ADOBE_2015_10K.pdf; /Users/shawheen/Projects/myRAG/data/test_files/finance-bench-pdfs/ADOBE_2016_10K.pdf,,metrics-generated,Block,BLOCK_2016_10K,10k
19,What is the FY2019 - FY2020 total revenue growth rate for Block (formerly known as Square)? Answer in units of percents and round to one decimal place. Approach the question asked by assuming the standpoint of an investment banking analyst who only has access to the statement of income.,101.5%,"To calculate the total revenue growth rate, we need to find the total revenue for FY2019 and FY2020.

From the statement of income, we can see that the total net revenue for FY2020 is $9,497,578 and for FY2019 is $4,713,500.

The total revenue growth rate can be calculated as follows:

((FY2020 total revenue - FY2019 total revenue) / FY2019 total revenue) * 100

= (($9,497,578 - $4,713,500) / $4,713,500) * 100
= ($4,784,078 / $4,713,500) * 100
= 101.6%

Rounded to one decimal place, the total revenue growth rate is 101.6%.",0.24743775256529504,399.91188049316406,1611.2651824951172,/Users/shawheen/Projects/myRAG/data/test_files/finance-bench-pdfs/BLOCK_2020_10K.pdf; /Users/shawheen/Projects/myRAG/data/test_files/finance-bench-pdfs/BLOCK_2020_10K.pdf; /Users/shawheen/Projects/myRAG/data/test_files/finance-bench-pdfs/BLOCK_2020_10K.pdf; /Users/shawheen/Projects/myRAG/data/test_files/finance-bench-pdfs/BLOCK_2020_10K.pdf; /Users/shawheen/Projects/myRAG/data/test_files/finance-bench-pdfs/BLOCK_2020_10K.pdf; /Users/shawheen/Projects/myRAG/data/test_files/finance-bench-pdfs/BLOCK_2020_10K.pdf; /Users/shawheen/Projects/myRAG/data/test_files/finance-bench-pdfs/BLOCK_2016_10K.pdf; /Users/shawheen/Projects/myRAG/data/test_files/finance-bench-pdfs/BLOCK_2016_10K.pdf; /Users/shawheen/Projects/myRAG/data/test_files/finance-bench-pdfs/BLOCK_2020_10K.pdf; /Users/shawheen/Projects/myRAG/data/test_files/finance-bench-pdfs/BLOCK_2016_10K.pdf; /Users/shawheen/Projects/myRAG/data/test_files/finance-bench-pdfs/BLOCK_2016_10K.pdf; /Users/shawheen/Projects/myRAG/data/test_files/finance-bench-pdfs/BLOCK_2016_10K.pdf; /Users/shawheen/Projects/myRAG/data/test_files/finance-bench-pdfs/BLOCK_2020_10K.pdf; /Users/shawheen/Projects/myRAG/data/test_files/finance-bench-pdfs/BLOCK_2016_10K.pdf; /Users/shawheen/Projects/myRAG/data/test_files/finance-bench-pdfs/BLOCK_2020_10K.pdf,,metrics-generated,Block,BLOCK_2020_10K,10k
20,"Using the cash flow statement, answer the following question to the best of your abilities: how much did Block (formerly known as Square) generate in cash flow from operating activities in FY2020? Answer in USD millions.",$382.00,$381.6 million,0.6406935145685285,372.9259967803955,699.6188163757324,/Users/shawheen/Projects/myRAG/data/test_files/finance-bench-pdfs/AMAZON_2019_10K.pdf; /Users/shawheen/Projects/myRAG/data/test_files/finance-bench-pdfs/AMAZON_2017_10K.pdf; /Users/shawheen/Projects/myRAG/data/test_files/finance-bench-pdfs/BLOCK_2020_10K.pdf; /Users/shawheen/Projects/myRAG/data/test_files/finance-bench-pdfs/AMAZON_2022_10K.pdf; /Users/shawheen/Projects/myRAG/data/test_files/finance-bench-pdfs/BLOCK_2020_10K.pdf; /Users/shawheen/Projects/myRAG/data/test_files/finance-bench-pdfs/ADOBE_2022_10K.pdf; /Users/shawheen/Projects/myRAG/data/test_files/finance-bench-pdfs/BLOCK_2020_10K.pdf; /Users/shawheen/Projects/myRAG/data/test_files/finance-bench-pdfs/BLOCK_2020_10K.pdf; /Users/shawheen/Projects/myRAG/data/test_files/finance-bench-pdfs/BLOCK_2020_10K.pdf; /Users/shawheen/Projects/myRAG/data/test_files/finance-bench-pdfs/3M_2023Q2_10Q.pdf; /Users/shawheen/Projects/myRAG/data/test_files/finance-bench-pdfs/3M_2018_10K.pdf; /Users/shawheen/Projects/myRAG/data/test_files/finance-bench-pdfs/ADOBE_2017_10K.pdf; /Users/shawheen/Projects/myRAG/data/test_files/finance-bench-pdfs/ADOBE_2015_10K.pdf; /Users/shawheen/Projects/myRAG/data/test_files/finance-bench-pdfs/BLOCK_2020_10K.pdf; /Users/shawheen/Projects/myRAG/data/test_files/finance-bench-pdfs/COSTCO_2021_10K.pdf,,metrics-generated,Block,BLOCK_2020_10K,10k
21,"Using only the information within the balance sheet, how much total assets did Costco have at the end of FY2021? Answer in USD millions.",$59268.00,"59,268",0.48900994606384096,244.72880363464355,811.906099319458,/Users/shawheen/Projects/myRAG/data/test_files/finance-bench-pdfs/COSTCO_2021_10K.pdf; /Users/shawheen/Projects/myRAG/data/test_files/finance-bench-pdfs/COSTCO_2021_10K.pdf; /Users/shawheen/Projects/myRAG/data/test_files/finance-bench-pdfs/COSTCO_2021_10K.pdf; /Users/shawheen/Projects/myRAG/data/test_files/finance-bench-pdfs/COSTCO_2021_10K.pdf; /Users/shawheen/Projects/myRAG/data/test_files/finance-bench-pdfs/COSTCO_2021_10K.pdf; /Users/shawheen/Projects/myRAG/data/test_files/finance-bench-pdfs/COSTCO_2021_10K.pdf; /Users/shawheen/Projects/myRAG/data/test_files/finance-bench-pdfs/COSTCO_2021_10K.pdf; /Users/shawheen/Projects/myRAG/data/test_files/finance-bench-pdfs/COSTCO_2021_10K.pdf; /Users/shawheen/Projects/myRAG/data/test_files/finance-bench-pdfs/COSTCO_2021_10K.pdf; /Users/shawheen/Projects/myRAG/data/test_files/finance-bench-pdfs/COSTCO_2021_10K.pdf; /Users/shawheen/Projects/myRAG/data/test_files/finance-bench-pdfs/COSTCO_2021_10K.pdf; /Users/shawheen/Projects/myRAG/data/test_files/finance-bench-pdfs/COSTCO_2021_10K.pdf; /Users/shawheen/Projects/myRAG/data/test_files/finance-bench-pdfs/COSTCO_2021_10K.pdf; /Users/shawheen/Projects/myRAG/data/test_files/finance-bench-pdfs/COSTCO_2021_10K.pdf; /Users/shawheen/Projects/myRAG/data/test_files/finance-bench-pdfs/COSTCO_2021_10K.pdf,,metrics-generated,Costco,COSTCO_2021_10K,10k
22,What is the FY2016 COGS for Microsoft? Please state answer in USD millions. Provide a response to the question by primarily using the statement of income.,$32780.00,The provided context does not contain sufficient information to answer this question.,0.1542729180216621,232.94687271118164,929.1560649871826,/Users/shawheen/Projects/myRAG/data/test_files/finance-bench-pdfs/MICROSOFT_2016_10K.pdf; /Users/shawheen/Projects/myRAG/data/test_files/finance-bench-pdfs/MICROSOFT_2016_10K.pdf; /Users/shawheen/Projects/myRAG/data/test_files/finance-bench-pdfs/MICROSOFT_2023_10K.pdf; /Users/shawheen/Projects/myRAG/data/test_files/finance-bench-pdfs/MICROSOFT_2023_10K.pdf; /Users/shawheen/Projects/myRAG/data/test_files/finance-bench-pdfs/MICROSOFT_2023_10K.pdf; /Users/shawheen/Projects/myRAG/data/test_files/finance-bench-pdfs/MICROSOFT_2016_10K.pdf; /Users/shawheen/Projects/myRAG/data/test_files/finance-bench-pdfs/MICROSOFT_2023_10K.pdf; /Users/shawheen/Projects/myRAG/data/test_files/finance-bench-pdfs/MICROSOFT_2023_10K.pdf; /Users/shawheen/Projects/myRAG/data/test_files/finance-bench-pdfs/MICROSOFT_2016_10K.pdf; /Users/shawheen/Projects/myRAG/data/test_files/finance-bench-pdfs/MICROSOFT_2016_10K.pdf; /Users/shawheen/Projects/myRAG/data/test_files/finance-bench-pdfs/MICROSOFT_2016_10K.pdf; /Users/shawheen/Projects/myRAG/data/test_files/finance-bench-pdfs/MICROSOFT_2016_10K.pdf; /Users/shawheen/Projects/myRAG/data/test_files/finance-bench-pdfs/MICROSOFT_2016_10K.pdf; /Users/shawheen/Projects/myRAG/data/test_files/finance-bench-pdfs/MICROSOFT_2023_10K.pdf; /Users/shawheen/Projects/myRAG/data/test_files/finance-bench-pdfs/MICROSOFT_2016_10K.pdf,,metrics-generated,Microsoft,MICROSOFT_2016_10K,10k
23,Has Microsoft increased its debt on balance sheet between FY2023 and the FY2022 period?,No. Microsoft decreased its debt by $2.5bn in FY 2023 vs FY 2022.,The provided context does not contain sufficient information to answer this question.,0.14042023517469185,193.19701194763184,756.641149520874,/Users/shawheen/Projects/myRAG/data/test_files/finance-bench-pdfs/MICROSOFT_2023_10K.pdf; /Users/shawheen/Projects/myRAG/data/test_files/finance-bench-pdfs/MICROSOFT_2023_10K.pdf; /Users/shawheen/Projects/myRAG/data/test_files/finance-bench-pdfs/MICROSOFT_2023_10K.pdf; /Users/shawheen/Projects/myRAG/data/test_files/finance-bench-pdfs/MICROSOFT_2016_10K.pdf; /Users/shawheen/Projects/myRAG/data/test_files/finance-bench-pdfs/MICROSOFT_2016_10K.pdf; /Users/shawheen/Projects/myRAG/data/test_files/finance-bench-pdfs/MICROSOFT_2023_10K.pdf; /Users/shawheen/Projects/myRAG/data/test_files/finance-bench-pdfs/MICROSOFT_2023_10K.pdf; /Users/shawheen/Projects/myRAG/data/test_files/finance-bench-pdfs/MICROSOFT_2023_10K.pdf; /Users/shawheen/Projects/myRAG/data/test_files/finance-bench-pdfs/MICROSOFT_2016_10K.pdf; /Users/shawheen/Projects/myRAG/data/test_files/finance-bench-pdfs/MICROSOFT_2023_10K.pdf; /Users/shawheen/Projects/myRAG/data/test_files/finance-bench-pdfs/MICROSOFT_2023_10K.pdf; /Users/shawheen/Projects/myRAG/data/test_files/finance-bench-pdfs/MICROSOFT_2016_10K.pdf; /Users/shawheen/Projects/myRAG/data/test_files/finance-bench-pdfs/MICROSOFT_2023_10K.pdf; /Users/shawheen/Projects/myRAG/data/test_files/finance-bench-pdfs/MICROSOFT_2016_10K.pdf; /Users/shawheen/Projects/myRAG/data/test_files/finance-bench-pdfs/MICROSOFT_2016_10K.pdf,,domain-relevant,Microsoft,MICROSOFT_2023_10K,10k
